{"cameraMode":{"drawMode":0,"name":"Shaded","section":"Shading Mode"},"sceneLighting":false,"audioPlay":false,"sceneViewState":{"m_AlwaysRefresh":false,"showFog":true,"showSkybox":false,"showFlares":true,"showImageEffects":true,"showParticleSystems":true,"showVisualEffectGraphs":true,"m_FxEnabled":true},"in2DMode":false,"pivot":{"x":-0.550828218460083,"y":0.2942069172859192,"z":0.40708017349243166},"rotation":{"x":-0.015729384496808053,"y":0.9635576009750366,"z":-0.05818662419915199,"w":-0.2608051896095276},"size":0.4682499170303345,"orthographic":false}