{"cameraMode":{"drawMode":0,"name":"Shaded","section":"Shading Mode"},"sceneLighting":false,"audioPlay":false,"sceneViewState":{"m_AlwaysRefresh":false,"showFog":true,"showSkybox":false,"showFlares":true,"showImageEffects":true,"showParticleSystems":true,"showVisualEffectGraphs":true,"m_FxEnabled":true},"in2DMode":false,"pivot":{"x":0.18793782591819764,"y":0.13373255729675294,"z":0.11702963709831238},"rotation":{"x":-0.16879595816135407,"y":-0.04881156608462334,"z":0.008345581591129303,"w":-0.9844552874565125},"size":0.4682499170303345,"orthographic":false}